SAS,98,5137,Kyiv
IT Arena,263,8870,Lviv
Sheses,150,8958,Odesa
Dia Sumit,191,2097,Kharkiv
SAS,462,2735,London
IT Arena,121,1447,Kyiv
Sheses,94,2433,Lviv
Dia Sumit,420,6135,Odesa
SAS,93,2481,Kharkiv
IT Arena,669,1284,London
Sheses,405,1313,Kyiv
Dia Sumit,22,6044,Lviv
SAS,584,9436,Odesa
IT Arena,605,8940,Kharkiv
Sheses,784,2990,London
Dia Sumit,168,3851,Kyiv
SAS,330,8484,Lviv
IT Arena,58,1792,Odesa
Sheses,994,4686,Kharkiv
Dia Sumit,372,4475,London
SAS,251,6145,Kyiv
IT Arena,398,8171,Lviv
Sheses,462,7715,Odesa
Dia Sumit,360,9057,Kharkiv
SAS,774,2595,London
IT Arena,324,6620,Kyiv
Sheses,705,6991,Lviv
Dia Sumit,152,3874,Odesa
SAS,216,6296,Kharkiv
IT Arena,152,3172,London
Sheses,94,6350,Kyiv
Dia Sumit,101,7014,Lviv
SAS,499,5618,Odesa
IT Arena,776,5683,Kharkiv
Sheses,368,6510,London
Dia Sumit,114,7729,Kyiv
SAS,141,1138,Lviv
IT Arena,648,4412,Odesa
Sheses,801,7642,Kharkiv
Dia Sumit,895,9993,London
SAS,773,5034,Kyiv
IT Arena,668,8398,Lviv
Sheses,706,5912,Odesa
Dia Sumit,12,2828,Kharkiv
SAS,687,8242,London
IT Arena,113,5115,Kyiv
Sheses,598,8754,Lviv
Dia Sumit,182,3310,Odesa
SAS,587,4064,Kharkiv
IT Arena,311,4693,London
Sheses,490,1756,Kyiv
Dia Sumit,954,5541,Lviv
SAS,669,9101,Odesa
IT Arena,104,5321,Kharkiv
Sheses,631,6067,London
Dia Sumit,890,9058,Kyiv
SAS,586,7105,Lviv
IT Arena,983,5315,Odesa
Sheses,562,5111,Kharkiv
Dia Sumit,342,9893,London
SAS,767,8529,Kyiv
IT Arena,905,1613,Lviv
Sheses,126,1739,Odesa
Dia Sumit,79,4869,Kharkiv
SAS,331,2462,London
IT Arena,707,3718,Kyiv
Sheses,612,4630,Lviv
Dia Sumit,593,7808,Odesa
SAS,884,9623,Kharkiv
IT Arena,158,3239,London
Sheses,129,9109,Kyiv
Dia Sumit,232,5204,Lviv
SAS,757,4313,Odesa
IT Arena,545,6321,Kharkiv
Sheses,284,9785,London
Dia Sumit,739,9586,Kyiv
SAS,298,3254,Lviv
IT Arena,480,8421,Odesa
Sheses,589,3117,Kharkiv
Dia Sumit,929,2666,London
SAS,333,6797,Kyiv
IT Arena,450,6138,Lviv
Sheses,961,9798,Odesa
Dia Sumit,486,6543,Kharkiv
SAS,280,7792,London
IT Arena,457,4332,Kyiv
Sheses,368,5404,Lviv
Dia Sumit,234,7173,Odesa
SAS,551,8959,Kharkiv
IT Arena,827,9159,London
Sheses,460,1985,Kyiv
Dia Sumit,28,4584,Lviv
SAS,594,2259,Odesa
IT Arena,544,7607,Kharkiv
Sheses,257,1034,London
Dia Sumit,414,6185,Kyiv
SAS,274,4262,Lviv
IT Arena,877,4601,Odesa
Sheses,311,4472,Kharkiv
Dia Sumit,377,7754,London
SAS,511,5911,Kyiv
IT Arena,47,1093,Lviv
Sheses,640,9433,Odesa
Dia Sumit,89,8448,Kharkiv
SAS,891,3781,London
IT Arena,734,5033,Kyiv
Sheses,855,7611,Lviv
Dia Sumit,203,6847,Odesa
SAS,101,6512,Kharkiv
IT Arena,621,4365,London
Sheses,771,8481,Kyiv
Dia Sumit,707,6212,Lviv
SAS,486,3780,Odesa
IT Arena,843,3410,Kharkiv
Sheses,181,9733,London
Dia Sumit,270,9441,Kyiv
SAS,21,7955,Lviv
IT Arena,158,1383,Odesa
Sheses,683,8902,Kharkiv
Dia Sumit,604,2552,London
SAS,920,6619,Kyiv
IT Arena,215,2815,Lviv
Sheses,356,6151,Odesa
Dia Sumit,935,3579,Kharkiv
SAS,262,5000,London
IT Arena,684,4802,Kyiv
Sheses,994,5466,Lviv
Dia Sumit,628,7077,Odesa
SAS,69,7461,Kharkiv
IT Arena,415,4212,London
Sheses,421,6222,Kyiv
Dia Sumit,381,3823,Lviv
SAS,679,8411,Odesa
IT Arena,712,7227,Kharkiv
Sheses,651,2344,London
Dia Sumit,305,9226,Kyiv
SAS,474,4490,Lviv
IT Arena,719,6690,Odesa
Sheses,856,9292,Kharkiv
Dia Sumit,56,1585,London
SAS,709,9900,Kyiv
IT Arena,217,1369,Lviv
Sheses,381,7342,Odesa
Dia Sumit,208,4164,Kharkiv
SAS,912,3927,London
IT Arena,917,5999,Kyiv
Sheses,289,2304,Lviv
Dia Sumit,314,6775,Odesa
SAS,750,2513,Kharkiv
IT Arena,989,8101,London
Sheses,453,7351,Kyiv
Dia Sumit,334,8162,Lviv
SAS,932,7786,Odesa
IT Arena,327,6516,Kharkiv
Sheses,650,8216,London
Dia Sumit,657,7350,Kyiv
SAS,256,4363,Lviv
IT Arena,694,3382,Odesa
Sheses,565,9942,Kharkiv
Dia Sumit,620,8048,London
SAS,384,5881,Kyiv
IT Arena,560,8422,Lviv
Sheses,818,3564,Odesa
Dia Sumit,815,1300,Kharkiv
SAS,692,4660,London
IT Arena,724,9637,Kyiv
Sheses,206,6589,Lviv
Dia Sumit,425,8093,Odesa
SAS,732,5521,Kharkiv
IT Arena,420,2029,London
Sheses,642,6168,Kyiv
Dia Sumit,983,3734,Lviv
SAS,409,4231,Odesa
IT Arena,196,7486,Kharkiv
Sheses,636,1404,London
Dia Sumit,790,7468,Kyiv
SAS,532,5109,Lviv
IT Arena,944,8895,Odesa
Sheses,923,5456,Kharkiv
Dia Sumit,127,4552,London
SAS,293,5412,Kyiv
IT Arena,601,8618,Lviv
Sheses,802,5755,Odesa
Dia Sumit,904,6840,Kharkiv
SAS,155,3619,London
IT Arena,526,3351,Kyiv
Sheses,306,6919,Lviv
Dia Sumit,703,4396,Odesa
SAS,486,3067,Kharkiv
IT Arena,349,3044,London
Sheses,896,3638,Kyiv
Dia Sumit,405,2956,Lviv
SAS,150,8796,Odesa
IT Arena,433,1415,Kharkiv
Sheses,726,2226,London
Dia Sumit,477,3315,Kyiv
SAS,930,5760,Lviv
IT Arena,821,2644,Odesa
Sheses,866,8207,Kharkiv
Dia Sumit,776,2297,London
SAS,423,1298,Kyiv
IT Arena,507,7916,Lviv
Sheses,740,5931,Odesa
Dia Sumit,479,2414,Kharkiv
SAS,717,8081,London
IT Arena,987,7120,Kyiv
Sheses,673,1329,Lviv
Dia Sumit,632,7454,Odesa
SAS,274,5382,Kharkiv
IT Arena,373,5182,London
Sheses,33,6332,Kyiv
Dia Sumit,610,9982,Lviv
SAS,962,1465,Odesa
IT Arena,372,8949,Kharkiv
Sheses,526,1664,London
Dia Sumit,74,7682,Kyiv
SAS,533,1626,Lviv
IT Arena,806,9495,Odesa
Sheses,210,2362,Kharkiv
Dia Sumit,652,9878,London
SAS,854,2657,Kyiv
IT Arena,651,3427,Lviv
Sheses,310,9785,Odesa
Dia Sumit,173,8601,Kharkiv
SAS,16,7050,London
IT Arena,11,3901,Kyiv
Sheses,373,1720,Lviv
Dia Sumit,843,9947,Odesa
SAS,409,9267,Kharkiv
IT Arena,805,9044,London
Sheses,146,1262,Kyiv
Dia Sumit,371,8274,Lviv
SAS,19,8624,Odesa
IT Arena,741,2950,Kharkiv
Sheses,21,8746,London
Dia Sumit,621,2088,Kyiv
SAS,691,9415,Lviv
IT Arena,116,1708,Odesa
Sheses,17,8677,Kharkiv
Dia Sumit,161,6541,London
SAS,250,5228,Kyiv
IT Arena,248,7478,Lviv
Sheses,376,1777,Odesa
Dia Sumit,742,4191,Kharkiv
SAS,672,8274,London
IT Arena,414,3645,Kyiv
Sheses,465,3548,Lviv
Dia Sumit,72,5407,Odesa
SAS,598,9976,Kharkiv
IT Arena,767,4174,London
